,res,start,end
a week for a year,61,1890,1950
a woman 's right to,62,1889,1950
all points tempted like as,151,1800,1950
an army of one hundred,151,1800,1950
an early period of the,151,1800,1950
and at the distance of,151,1800,1950
and brought with him a,151,1800,1950
and is baptized shall be,151,1800,1950
and three nights in the,147,1804,1950
and we will return to,63,1888,1950
anterior superior spine of the,109,1842,1950
as hot as can be,129,1822,1950
as to form a kind,151,1800,1950
assuming the form of a,138,1813,1950
at the head of two,151,1800,1950
at the orifice of the,151,1800,1950
at the pit of the,151,1800,1950
be it further enacted by,151,1800,1950
be weeping and gnashing of,151,1800,1950
by the national endowment for,46,1905,1950
chosen a member of the,151,1800,1950
death of the son of,151,1800,1950
delivered from the bondage of,151,1800,1950
enacted by the authority aforesaid,151,1800,1950
engagement on the part of,138,1813,1950
every part of the kingdom,151,1800,1950
for me a crown of,151,1800,1950
from the university of oxford,151,1800,1950
god by the death of,151,1800,1950
had not where to lay,151,1800,1950
hundred and fifty thousand francs,121,1830,1950
in all points tempted like,151,1800,1950
in every relation of life,144,1807,1950
is baptized shall be saved,151,1800,1950
is called by the natives,151,1800,1950
is in the following words,151,1800,1950
is much to be feared,151,1800,1950
it further enacted by the,151,1800,1950
man of god may be,151,1800,1950
more than one instance of,146,1805,1950
not be prevailed on to,151,1800,1950
of a greater or less,151,1800,1950
of the body of jesus,151,1800,1950
of the cause in which,151,1800,1950
once delivered to the saints,151,1800,1950
one mediator between god and,151,1800,1950
one rose from the dead,151,1800,1950
points tempted like as we,151,1800,1950
shall be weeping and gnashing,151,1800,1950
superior spine of the ilium,109,1842,1950
take a general view of,151,1800,1950
the action of the gastric,139,1812,1950
the anterior superior spine of,109,1842,1950
the army of the rhine,151,1800,1950
the blood of the saints,151,1800,1950
the command of a regiment,151,1800,1950
the exciting cause of the,136,1815,1950
the greater part of whom,151,1800,1950
the head of the bone,133,1818,1950
the man of god may,151,1800,1950
the part he took in,151,1800,1950
the person or persons so,151,1800,1950
the presence of god for,151,1800,1950
the promise of the father,151,1800,1950
the reign of james the,151,1800,1950
the son of man came,151,1800,1950
the time of henry the,151,1800,1950
the true spirit of a,151,1800,1950
the water of life freely,151,1800,1950
the weary are at rest,151,1800,1950
the wicked cease from troubling,151,1800,1950
the widow and the fatherless,151,1800,1950
them that dwell on the,151,1800,1950
there ye may be also,151,1800,1950
those of the church of,151,1800,1950
though one rose from the,151,1800,1950
thousand feet above the level,151,1800,1950
to be conformed to the,151,1800,1950
to obtain the means of,140,1811,1950
to supply the want of,151,1800,1950
to the depth of several,151,1800,1950
to the number of forty,151,1800,1950
under cover of the night,151,1800,1950
upon both sides of the,151,1800,1950
upon each side of the,151,1800,1950
upon the neck of the,151,1800,1950
upon the opposite side of,151,1800,1950
walk not after the flesh,151,1800,1950
was chosen a member of,151,1800,1950
we call to mind the,151,1800,1950
which taketh away the sin,151,1800,1950
whose office it was to,151,1800,1950
will not suffer me to,151,1800,1950
with power and great glory,151,1800,1950
